"start";"end";"Name of Structure";"Type of Structure";"Picture of Structure";"Picture of Structure_URL";"Coordinate of Structure";"_Coordinate of Structure_latitude";"_Coordinate of Structure_longitude";"_Coordinate of Structure_altitude";"_Coordinate of Structure_precision";"_id";"_uuid";"_submission_time";"_validation_status";"_notes";"_status";"_submitted_by";"__version__";"_tags";"_index"
"2025-06-15T13:47:57.452+01:00";"2025-06-15T16:03:41.073+01:00";"COLLEGE OF ENGINEERING";"Colleges";"1749992017301.jpg";"https://kc.kobotoolbox.org/media/original?media_file=aneehatprecious%2Fattachments%2Fb24eafc23d52430bba582f447039a9a3%2F3c9a0521-beef-4e7f-bb63-30f748310dc9%2F1749992017301.jpg";"6.689206 3.1682083 62.0 4.8";"6.689206";"3.1682083";"62.0";"4.8";"498219792";"3c9a0521-beef-4e7f-bb63-30f748310dc9";"2025-06-16T07:59:50";"";"";"submitted_via_web";"aneehatprecious";"v38viv9xZKSDkUJVjVv9LV";"";"1"
"2025-06-15T13:54:18.776+01:00";"2025-06-15T16:03:48.460+01:00";"Prof Raifu Isola Salawu Gazebo ( Engineering Gazebo )";"Pavillion ";"1749992124204.jpg";"https://kc.kobotoolbox.org/media/original?media_file=aneehatprecious%2Fattachments%2Fb24eafc23d52430bba582f447039a9a3%2Fcf16dd94-cb4b-4ad1-8d2f-79260afbb8f3%2F1749992124204.jpg";"6.6891087 3.1681222 62.0 4.95";"6.6891087";"3.1681222";"62.0";"4.95";"498219923";"cf16dd94-cb4b-4ad1-8d2f-79260afbb8f3";"2025-06-16T08:00:04";"";"";"submitted_via_web";"aneehatprecious";"v38viv9xZKSDkUJVjVv9LV";"";"2"
"2025-06-15T13:56:14.073+01:00";"2025-06-15T16:06:17.442+01:00";"College of Environmental Science";"Colleges";"1749992246610.jpg";"https://kc.kobotoolbox.org/media/original?media_file=aneehatprecious%2Fattachments%2Fb24eafc23d52430bba582f447039a9a3%2F2090a8ad-988a-443c-8070-88e8e8e2d365%2F1749992246610.jpg";"6.6894496 3.1682511 62.0 4.225";"6.6894496";"3.1682511";"62.0";"4.225";"498219971";"2090a8ad-988a-443c-8070-88e8e8e2d365";"2025-06-16T08:00:10";"";"";"submitted_via_web";"aneehatprecious";"v38viv9xZKSDkUJVjVv9LV";"";"3"
"2025-06-15T13:58:11.897+01:00";"2025-06-15T16:06:22.588+01:00";"COLENVS GAZEBO";"Pavillion ";"1749992342105.jpg";"https://kc.kobotoolbox.org/media/original?media_file=aneehatprecious%2Fattachments%2Fb24eafc23d52430bba582f447039a9a3%2Fac18f074-8d29-411c-bd66-4ef949931979%2F1749992342105.jpg";"6.6893017 3.1683167 62.0 3.9";"6.6893017";"3.1683167";"62.0";"3.9";"498220217";"ac18f074-8d29-411c-bd66-4ef949931979";"2025-06-16T08:00:39";"";"";"submitted_via_web";"aneehatprecious";"v38viv9xZKSDkUJVjVv9LV";"";"4"
"2025-06-15T13:59:45.677+01:00";"2025-06-15T16:06:31.056+01:00";"LECTURE THEATRE 1";"Lecture Hall/Class-Rooms";"1749992427968.jpg";"https://kc.kobotoolbox.org/media/original?media_file=aneehatprecious%2Fattachments%2Fb24eafc23d52430bba582f447039a9a3%2Fe551c78a-91f2-488d-add4-2923b9e99fac%2F1749992427968.jpg";"6.68929 3.1683317 62.0 4.6";"6.68929";"3.1683317";"62.0";"4.6";"498220280";"e551c78a-91f2-488d-add4-2923b9e99fac";"2025-06-16T08:00:49";"";"";"submitted_via_web";"aneehatprecious";"v38viv9xZKSDkUJVjVv9LV";"";"5"
"2025-06-15T14:00:50.112+01:00";"2025-06-15T16:07:01.588+01:00";"Clarity Print";"Printing Press";"1749992472463.jpg";"https://kc.kobotoolbox.org/media/original?media_file=aneehatprecious%2Fattachments%2Fb24eafc23d52430bba582f447039a9a3%2Fadf11c67-44de-4b7c-bd6e-df8660133c8a%2F1749992472463.jpg";"6.6895719 3.1682812 62.0 4.684";"6.6895719";"3.1682812";"62.0";"4.684";"498220362";"adf11c67-44de-4b7c-bd6e-df8660133c8a";"2025-06-16T08:00:59";"";"";"submitted_via_web";"aneehatprecious";"v38viv9xZKSDkUJVjVv9LV";"";"6"
"2025-06-15T14:03:16.967+01:00";"2025-06-15T16:08:40.347+01:00";"LECTURE THEATRE II";"Lecture Hall/Class-Rooms";"1749992675554.jpg";"https://kc.kobotoolbox.org/media/original?media_file=aneehatprecious%2Fattachments%2Fb24eafc23d52430bba582f447039a9a3%2F954a7243-7b88-4755-a39e-de5a286400b6%2F1749992675554.jpg";"6.6899398 3.1679189 62.0 3.8";"6.6899398";"3.1679189";"62.0";"3.8";"498220568";"954a7243-7b88-4755-a39e-de5a286400b6";"2025-06-16T08:01:26";"";"";"submitted_via_web";"aneehatprecious";"v38viv9xZKSDkUJVjVv9LV";"";"7"
"2025-06-15T14:09:43.694+01:00";"2025-06-15T16:08:54.021+01:00";"BUPF LECTURE THEATRE";"Lecture Hall/Class-Rooms";"1749993077815.jpg";"https://kc.kobotoolbox.org/media/original?media_file=aneehatprecious%2Fattachments%2Fb24eafc23d52430bba582f447039a9a3%2F9eb4e79d-84e1-4879-b899-fd06600b054c%2F1749993077815.jpg";"6.6895325 3.1679275 62.0 4.842";"6.6895325";"3.1679275";"62.0";"4.842";"498220645";"9eb4e79d-84e1-4879-b899-fd06600b054c";"2025-06-16T08:01:31";"";"";"submitted_via_web";"aneehatprecious";"v38viv9xZKSDkUJVjVv9LV";"";"8"
"2025-06-15T14:22:26.245+01:00";"2025-06-15T16:09:02.952+01:00";"COLLEGE OF MANAGEMENT SCIENCE";"Lecture Hall/Class-Rooms";"1749993828033.jpg";"https://kc.kobotoolbox.org/media/original?media_file=aneehatprecious%2Fattachments%2Fb24eafc23d52430bba582f447039a9a3%2F3a1140a3-4edf-4b14-bcf8-169afdd63060%2F1749993828033.jpg";"6.6889421 3.1679213 69.0 4.04";"6.6889421";"3.1679213";"69.0";"4.04";"498220694";"3a1140a3-4edf-4b14-bcf8-169afdd63060";"2025-06-16T08:01:36";"";"";"submitted_via_web";"aneehatprecious";"vrQQqeJxtP3XDKjMBRtFaW";"";"9"
"2025-06-15T14:24:13.572+01:00";"2025-06-15T16:10:57.534+01:00";"COLMANS GAZEBO";"Pavillion ";"1749993874526.jpg";"https://kc.kobotoolbox.org/media/original?media_file=aneehatprecious%2Fattachments%2Fb24eafc23d52430bba582f447039a9a3%2F9f3e20f6-0b68-42f8-b75a-f89e3e816b7e%2F1749993874526.jpg";"6.688354 3.1681553 61.5 3.1";"6.688354";"3.1681553";"61.5";"3.1";"498220821";"9f3e20f6-0b68-42f8-b75a-f89e3e816b7e";"2025-06-16T08:01:47";"";"";"submitted_via_web";"aneehatprecious";"vrQQqeJxtP3XDKjMBRtFaW";"";"10"
"2025-06-15T14:25:35.199+01:00";"2025-06-15T16:11:05.955+01:00";"ARCHITECTURE POSTGRADUATE WING ( GLASS-HOUSE )";"Lecture Hall/Class-Rooms";"1749993951729.jpg";"https://kc.kobotoolbox.org/media/original?media_file=aneehatprecious%2Fattachments%2Fb24eafc23d52430bba582f447039a9a3%2Fa6c01d90-b1cc-4926-98ec-99c12d78057c%2F1749993951729.jpg";"6.6891462 3.1675705 57.29999923706055 4.614";"6.6891462";"3.1675705";"57.29999923706055";"4.614";"498220906";"a6c01d90-b1cc-4926-98ec-99c12d78057c";"2025-06-16T08:01:57";"";"";"submitted_via_web";"aneehatprecious";"vrQQqeJxtP3XDKjMBRtFaW";"";"11"
"2025-06-15T14:28:07.027+01:00";"2025-06-15T16:11:11.130+01:00";"EXCEEDING GRACE";"Food Vendors";"1749994119636.jpg";"https://kc.kobotoolbox.org/media/original?media_file=aneehatprecious%2Fattachments%2Fb24eafc23d52430bba582f447039a9a3%2Ffdc72db0-10f0-4b52-8684-131b76261bbd%2F1749994119636.jpg";"6.6890957 3.1673778 69.0 4.057";"6.6890957";"3.1673778";"69.0";"4.057";"498220956";"fdc72db0-10f0-4b52-8684-131b76261bbd";"2025-06-16T08:02:04";"";"";"submitted_via_web";"aneehatprecious";"vrQQqeJxtP3XDKjMBRtFaW";"";"12"
"2025-06-15T14:29:49.571+01:00";"2025-06-15T16:11:16.173+01:00";"AKARA SPOT";"Food Vendors";"1749994212011.jpg";"https://kc.kobotoolbox.org/media/original?media_file=aneehatprecious%2Fattachments%2Fb24eafc23d52430bba582f447039a9a3%2Fcad6e230-f438-49e7-b91e-4578f4b1eb2d%2F1749994212011.jpg";"6.6891089 3.167224 59.39999771118164 4.4";"6.6891089";"3.167224";"59.39999771118164";"4.4";"498221004";"cad6e230-f438-49e7-b91e-4578f4b1eb2d";"2025-06-16T08:02:12";"";"";"submitted_via_web";"aneehatprecious";"vrQQqeJxtP3XDKjMBRtFaW";"";"13"
"2025-06-15T14:30:36.522+01:00";"2025-06-15T16:11:24.130+01:00";"YOMICE CAFE";"Food Vendors";"1749994247645.jpg";"https://kc.kobotoolbox.org/media/original?media_file=aneehatprecious%2Fattachments%2Fb24eafc23d52430bba582f447039a9a3%2Fdb4735b5-28d5-464d-a32d-2061cfc90059%2F1749994247645.jpg";"6.6891508 3.1672383 59.39999771118164 3.85";"6.6891508";"3.1672383";"59.39999771118164";"3.85";"498221054";"db4735b5-28d5-464d-a32d-2061cfc90059";"2025-06-16T08:02:20";"";"";"submitted_via_web";"aneehatprecious";"vrQQqeJxtP3XDKjMBRtFaW";"";"14"
"2025-06-15T14:31:22.951+01:00";"2025-06-16T08:53:18.432+01:00";"SLASH CAFE  ( AUNTY KEMI )";"Food Vendors";"1749994306093.jpg";"https://kc.kobotoolbox.org/media/original?media_file=aneehatprecious%2Fattachments%2Fb24eafc23d52430bba582f447039a9a3%2F37bc6981-30f3-48c8-b131-2bd1900000ab%2F1749994306093.jpg";"6.6891688 3.1672352 59.39999771118164 4.85";"6.6891688";"3.1672352";"59.39999771118164";"4.85";"498221098";"37bc6981-30f3-48c8-b131-2bd1900000ab";"2025-06-16T08:02:28";"";"";"submitted_via_web";"aneehatprecious";"vrQQqeJxtP3XDKjMBRtFaW";"";"15"
"2025-06-15T14:32:15.563+01:00";"2025-06-16T08:53:24.778+01:00";"EKORUPA AND SONS";"Drink Stores";"1749994376145.jpg";"https://kc.kobotoolbox.org/media/original?media_file=aneehatprecious%2Fattachments%2Fb24eafc23d52430bba582f447039a9a3%2Fbe7c26a5-211d-4ca6-ad31-dc15932cbd9c%2F1749994376145.jpg";"6.6893914 3.167243 59.39999771118164 4.3";"6.6893914";"3.167243";"59.39999771118164";"4.3";"498221170";"be7c26a5-211d-4ca6-ad31-dc15932cbd9c";"2025-06-16T08:02:36";"";"";"submitted_via_web";"aneehatprecious";"vrQQqeJxtP3XDKjMBRtFaW";"";"16"
"2025-06-15T14:33:38.284+01:00";"2025-06-16T08:53:30.983+01:00";"FAYDAM FOODS";"Food Vendors";"1749994444200.jpg";"https://kc.kobotoolbox.org/media/original?media_file=aneehatprecious%2Fattachments%2Fb24eafc23d52430bba582f447039a9a3%2F4be6d23c-d493-4220-a3b5-426cd31ca253%2F1749994444200.jpg";"6.6893583 3.1672283 59.39999771118164 4.9";"6.6893583";"3.1672283";"59.39999771118164";"4.9";"498221225";"4be6d23c-d493-4220-a3b5-426cd31ca253";"2025-06-16T08:02:44";"";"";"submitted_via_web";"aneehatprecious";"vrQQqeJxtP3XDKjMBRtFaW";"";"17"
"2025-06-15T14:34:28.463+01:00";"2025-06-16T08:53:37.059+01:00";"MODAV FOODIES KINGDOM";"Food Vendors";"1749994511748.jpg";"https://kc.kobotoolbox.org/media/original?media_file=aneehatprecious%2Fattachments%2Fb24eafc23d52430bba582f447039a9a3%2F161e417a-cc04-4061-90d3-cc30d8512051%2F1749994511748.jpg";"6.68923 3.1673183 59.39999771118164 4.9";"6.68923";"3.1673183";"59.39999771118164";"4.9";"498221289";"161e417a-cc04-4061-90d3-cc30d8512051";"2025-06-16T08:02:52";"";"";"submitted_via_web";"aneehatprecious";"vrQQqeJxtP3XDKjMBRtFaW";"";"18"
"2025-06-15T14:36:02.730+01:00";"2025-06-16T08:53:54.008+01:00";"SMOOTHIE SHOP ( OKWUIBARTH )";"Drink Stores";"1749994611988.jpg";"https://kc.kobotoolbox.org/media/original?media_file=aneehatprecious%2Fattachments%2Fb24eafc23d52430bba582f447039a9a3%2F005175d3-a953-44c3-9c1b-e58f7aa02b03%2F1749994611988.jpg";"6.6892779 3.1672546 59.39999771118164 3.966";"6.6892779";"3.1672546";"59.39999771118164";"3.966";"498221357";"005175d3-a953-44c3-9c1b-e58f7aa02b03";"2025-06-16T08:02:59";"";"";"submitted_via_web";"aneehatprecious";"vrQQqeJxtP3XDKjMBRtFaW";"";"19"
"2025-06-15T14:38:09.720+01:00";"2025-06-16T08:53:59.446+01:00";"FAVOURS FAVOURITE";"";"1749994738363.jpg";"https://kc.kobotoolbox.org/media/original?media_file=aneehatprecious%2Fattachments%2Fb24eafc23d52430bba582f447039a9a3%2F6b96db9a-299a-45a8-ae6a-e7c1025a5d55%2F1749994738363.jpg";"6.6892798 3.1672998 59.5 4.4";"6.6892798";"3.1672998";"59.5";"4.4";"498221434";"6b96db9a-299a-45a8-ae6a-e7c1025a5d55";"2025-06-16T08:03:06";"";"";"submitted_via_web";"aneehatprecious";"vrQQqeJxtP3XDKjMBRtFaW";"";"20"
"2025-06-15T14:39:38.827+01:00";"2025-06-16T08:54:04.448+01:00";"IYAN SPOT";"Food Vendors";"1749994800060.jpg";"https://kc.kobotoolbox.org/media/original?media_file=aneehatprecious%2Fattachments%2Fb24eafc23d52430bba582f447039a9a3%2F66cc63a3-d981-420d-ad77-33f544286ba6%2F1749994800060.jpg";"6.6894562 3.16716 57.20000076293945 4.92";"6.6894562";"3.16716";"57.20000076293945";"4.92";"498221525";"66cc63a3-d981-420d-ad77-33f544286ba6";"2025-06-16T08:03:13";"";"";"submitted_via_web";"aneehatprecious";"vrQQqeJxtP3XDKjMBRtFaW";"";"21"
"2025-06-15T14:41:36.715+01:00";"2025-06-16T08:54:10.305+01:00";"PROTOTYPE";"Confectionary Stores";"1749994925865.jpg";"https://kc.kobotoolbox.org/media/original?media_file=aneehatprecious%2Fattachments%2Fb24eafc23d52430bba582f447039a9a3%2Fce5451d1-11f6-4feb-8e36-70f7b391402f%2F1749994925865.jpg";"6.6897339 3.1672686 60.29999923706055 4.662";"6.6897339";"3.1672686";"60.29999923706055";"4.662";"498221596";"ce5451d1-11f6-4feb-8e36-70f7b391402f";"2025-06-16T08:03:23";"";"";"submitted_via_web";"aneehatprecious";"vrQQqeJxtP3XDKjMBRtFaW";"";"22"
"2025-06-15T14:43:15.265+01:00";"2025-06-16T08:54:16.306+01:00";"MISTURA HAIR BEAUTY PALACE";"Beauty/Maintenance Store";"1749995019043.jpg";"https://kc.kobotoolbox.org/media/original?media_file=aneehatprecious%2Fattachments%2Fb24eafc23d52430bba582f447039a9a3%2Fc4f5f8ce-0407-486b-9d0d-0c5d98f2cfe3%2F1749995019043.jpg";"6.6895659 3.1671073 57.20000076293945 3.85";"6.6895659";"3.1671073";"57.20000076293945";"3.85";"498221645";"c4f5f8ce-0407-486b-9d0d-0c5d98f2cfe3";"2025-06-16T08:03:30";"";"";"submitted_via_web";"aneehatprecious";"vrQQqeJxtP3XDKjMBRtFaW";"";"23"
"2025-06-15T14:46:32.863+01:00";"2025-06-16T08:54:21.479+01:00";"BLOSSOM BOUTIQUE";"Boutique ";"1749995220101.jpg";"https://kc.kobotoolbox.org/media/original?media_file=aneehatprecious%2Fattachments%2Fb24eafc23d52430bba582f447039a9a3%2F1ddfa03b-fa28-4ce0-9b81-7e769e283a86%2F1749995220101.jpg";"6.6897417 3.1673461 59.5 4.8";"6.6897417";"3.1673461";"59.5";"4.8";"498221691";"1ddfa03b-fa28-4ce0-9b81-7e769e283a86";"2025-06-16T08:03:36";"";"";"submitted_via_web";"aneehatprecious";"vGo3AG2yZKYoRFPTg6qTFS";"";"24"
"2025-06-15T14:48:23.882+01:00";"2025-06-16T08:54:26.751+01:00";"OAKLAND";"Gadget Stores";"1749995335617.jpg";"https://kc.kobotoolbox.org/media/original?media_file=aneehatprecious%2Fattachments%2Fb24eafc23d52430bba582f447039a9a3%2Fb999e121-2213-4e6f-a9f0-228a38097832%2F1749995335617.jpg";"6.6899878 3.1675283 59.5 4.7";"6.6899878";"3.1675283";"59.5";"4.7";"498221764";"b999e121-2213-4e6f-a9f0-228a38097832";"2025-06-16T08:03:44";"";"";"submitted_via_web";"aneehatprecious";"vQFY9eigMw9KFf3uSHA5rB";"";"25"
"2025-06-15T14:49:21.975+01:00";"2025-06-16T08:54:34.862+01:00";"MOMPEE FOODS";"Food Vendors";"1749995379230.jpg";"https://kc.kobotoolbox.org/media/original?media_file=aneehatprecious%2Fattachments%2Fb24eafc23d52430bba582f447039a9a3%2Fbf5b9208-124e-4e85-bad1-cd4cea3ba45f%2F1749995379230.jpg";"6.6895229 3.1671656 57.20000076293945 4.95";"6.6895229";"3.1671656";"57.20000076293945";"4.95";"498221822";"bf5b9208-124e-4e85-bad1-cd4cea3ba45f";"2025-06-16T08:03:51";"";"";"submitted_via_web";"aneehatprecious";"vQFY9eigMw9KFf3uSHA5rB";"";"26"
"2025-06-15T14:49:51.109+01:00";"2025-06-16T08:54:40.479+01:00";"CARETECH LINK";"Printing Press";"1749995423119.jpg";"https://kc.kobotoolbox.org/media/original?media_file=aneehatprecious%2Fattachments%2Fb24eafc23d52430bba582f447039a9a3%2F618dbdbe-e89f-4267-b253-589544c1d7ba%2F1749995423119.jpg";"6.6895426 3.1671524 57.20000076293945 5.0";"6.6895426";"3.1671524";"57.20000076293945";"5.0";"498221898";"618dbdbe-e89f-4267-b253-589544c1d7ba";"2025-06-16T08:03:59";"";"";"submitted_via_web";"aneehatprecious";"vQFY9eigMw9KFf3uSHA5rB";"";"27"
"2025-06-15T14:50:39.452+01:00";"2025-06-16T08:54:45.646+01:00";"PECULIAR GLORY UNISEX SALON";"Beauty/Maintenance Store";"1749995477502.jpg";"https://kc.kobotoolbox.org/media/original?media_file=aneehatprecious%2Fattachments%2Fb24eafc23d52430bba582f447039a9a3%2Fa423618c-9257-4b43-9ab7-46974aa9f272%2F1749995477502.jpg";"6.689817 3.1672526 62.0 4.904";"6.689817";"3.1672526";"62.0";"4.904";"498221955";"a423618c-9257-4b43-9ab7-46974aa9f272";"2025-06-16T08:04:06";"";"";"submitted_via_web";"aneehatprecious";"vQFY9eigMw9KFf3uSHA5rB";"";"28"
"2025-06-15T14:51:34.671+01:00";"2025-06-16T08:54:51.455+01:00";"AKARA SHOP";"Food Vendors";"1749995591301.jpg";"https://kc.kobotoolbox.org/media/original?media_file=aneehatprecious%2Fattachments%2Fb24eafc23d52430bba582f447039a9a3%2Fe4351871-cb1b-48a5-83bf-c55c9f16cf36%2F1749995591301.jpg";"6.6895297 3.1671738 59.5 4.16";"6.6895297";"3.1671738";"59.5";"4.16";"498222027";"e4351871-cb1b-48a5-83bf-c55c9f16cf36";"2025-06-16T08:04:14";"";"";"submitted_via_web";"aneehatprecious";"vQFY9eigMw9KFf3uSHA5rB";"";"29"
"2025-06-15T14:54:43.207+01:00";"2025-06-16T08:55:00.762+01:00";"JIMADE VENTURE ( SHOE MAKER )";"SHOEMAKER SHOP";"1749995746657.jpg";"https://kc.kobotoolbox.org/media/original?media_file=aneehatprecious%2Fattachments%2Fb24eafc23d52430bba582f447039a9a3%2F6965dbc8-cfef-4ffd-9d16-8dcf7d27bd5e%2F1749995746657.jpg";"6.6896437 3.1670414 58.39999771118164 4.775";"6.6896437";"3.1670414";"58.39999771118164";"4.775";"498222096";"6965dbc8-cfef-4ffd-9d16-8dcf7d27bd5e";"2025-06-16T08:04:21";"";"";"submitted_via_web";"aneehatprecious";"vBUMTYeegEzQzfhrgTZ5a7";"";"30"
"2025-06-15T14:56:09.983+01:00";"2025-06-16T08:55:05.981+01:00";"ICE CREAM SHOP";"ICE-CREAM SHOP";"1749995787735.jpg";"https://kc.kobotoolbox.org/media/original?media_file=aneehatprecious%2Fattachments%2Fb24eafc23d52430bba582f447039a9a3%2Fb2747397-d0ec-42ab-b59f-943137900b54%2F1749995787735.jpg";"6.6896 3.1669417 58.39999771118164 2.892";"6.6896";"3.1669417";"58.39999771118164";"2.892";"498222171";"b2747397-d0ec-42ab-b59f-943137900b54";"2025-06-16T08:04:28";"";"";"submitted_via_web";"aneehatprecious";"vBUMTYeegEzQzfhrgTZ5a7";"";"31"
"2025-06-15T14:56:43.215+01:00";"2025-06-16T08:55:11.043+01:00";"CEEVEE TECH PHONE AND LAPTOP REPAIR";"Gadget Stores";"1749995836964.jpg";"https://kc.kobotoolbox.org/media/original?media_file=aneehatprecious%2Fattachments%2Fb24eafc23d52430bba582f447039a9a3%2F0e529bdf-11bb-460c-b9d2-ed89c9c2aaa5%2F1749995836964.jpg";"6.6895941 3.166969 58.39999771118164 4.047";"6.6895941";"3.166969";"58.39999771118164";"4.047";"498222274";"0e529bdf-11bb-460c-b9d2-ed89c9c2aaa5";"2025-06-16T08:04:37";"";"";"submitted_via_web";"aneehatprecious";"vBUMTYeegEzQzfhrgTZ5a7";"";"32"
"2025-06-15T14:58:34.844+01:00";"2025-06-16T08:55:17.018+01:00";"GARMENT DR.";"DRYCLEANER";"1749995934356.jpg";"https://kc.kobotoolbox.org/media/original?media_file=aneehatprecious%2Fattachments%2Fb24eafc23d52430bba582f447039a9a3%2Ffce99724-00fa-46d3-bd5a-b7d3fb36dcee%2F1749995934356.jpg";"6.6898507 3.1669953 58.39999771118164 4.35";"6.6898507";"3.1669953";"58.39999771118164";"4.35";"498222345";"fce99724-00fa-46d3-bd5a-b7d3fb36dcee";"2025-06-16T08:04:43";"";"";"submitted_via_web";"aneehatprecious";"vhhbRi4cFUm7vr2AgRJ7Kk";"";"33"
"2025-06-15T14:59:30.754+01:00";"2025-06-16T08:55:22.375+01:00";"DELIGHT CAFETERIA";"Food Vendors";"1749995990142.jpg";"https://kc.kobotoolbox.org/media/original?media_file=aneehatprecious%2Fattachments%2Fb24eafc23d52430bba582f447039a9a3%2F69ca1582-4f75-4a86-b03c-cd90698f51e6%2F1749995990142.jpg";"6.6899211 3.1670913 57.0 4.5";"6.6899211";"3.1670913";"57.0";"4.5";"498222427";"69ca1582-4f75-4a86-b03c-cd90698f51e6";"2025-06-16T08:04:51";"";"";"submitted_via_web";"aneehatprecious";"vhhbRi4cFUm7vr2AgRJ7Kk";"";"34"
"2025-06-15T15:00:09.746+01:00";"2025-06-16T08:55:27.482+01:00";"AMALA TOH SURE";"Food Vendors";"1749996052545.jpg";"https://kc.kobotoolbox.org/media/original?media_file=aneehatprecious%2Fattachments%2Fb24eafc23d52430bba582f447039a9a3%2F29c69bdf-0630-4ddf-ab1d-8ebf01e6935c%2F1749996052545.jpg";"6.6896548 3.166805 58.39999771118164 4.129";"6.6896548";"3.166805";"58.39999771118164";"4.129";"498222515";"29c69bdf-0630-4ddf-ab1d-8ebf01e6935c";"2025-06-16T08:05:00";"";"";"submitted_via_web";"aneehatprecious";"vhhbRi4cFUm7vr2AgRJ7Kk";"";"35"
"2025-06-15T15:02:15.947+01:00";"2025-06-16T08:55:33.103+01:00";"RIKKY'S BREAKFAST";"Food Vendors";"1749996163232.jpg";"https://kc.kobotoolbox.org/media/original?media_file=aneehatprecious%2Fattachments%2Fb24eafc23d52430bba582f447039a9a3%2Fa7e8af06-7d6a-469c-afa2-e6a5f7024ef6%2F1749996163232.jpg";"6.6898134 3.1670814 58.099998474121094 4.928";"6.6898134";"3.1670814";"58.099998474121094";"4.928";"498222601";"a7e8af06-7d6a-469c-afa2-e6a5f7024ef6";"2025-06-16T08:05:07";"";"";"submitted_via_web";"aneehatprecious";"vhhbRi4cFUm7vr2AgRJ7Kk";"";"36"
"2025-06-15T15:03:13.959+01:00";"2025-06-16T08:55:38.124+01:00";"CHEF MAYOR";"Food Vendors";"1749996210783.jpg";"https://kc.kobotoolbox.org/media/original?media_file=aneehatprecious%2Fattachments%2Fb24eafc23d52430bba582f447039a9a3%2F078f1f06-6c78-412e-9160-d0b7a9702119%2F1749996210783.jpg";"6.6898046 3.1669666 57.0 4.834";"6.6898046";"3.1669666";"57.0";"4.834";"498222683";"078f1f06-6c78-412e-9160-d0b7a9702119";"2025-06-16T08:05:14";"";"";"submitted_via_web";"aneehatprecious";"vhhbRi4cFUm7vr2AgRJ7Kk";"";"37"
"2025-06-15T15:04:54.761+01:00";"2025-06-16T08:55:43.892+01:00";"FAMOT CAKES AND DELIGHTS";"CAKE AND PASTRIES ";"1749996326449.jpg";"https://kc.kobotoolbox.org/media/original?media_file=aneehatprecious%2Fattachments%2Fb24eafc23d52430bba582f447039a9a3%2Fefa465e3-aeda-40c8-b9e3-eb6fc1aababe%2F1749996326449.jpg";"6.6898263 3.1668601 57.0 4.766";"6.6898263";"3.1668601";"57.0";"4.766";"498222736";"efa465e3-aeda-40c8-b9e3-eb6fc1aababe";"2025-06-16T08:05:21";"";"";"submitted_via_web";"aneehatprecious";"vAjzNGzCBpTu3xHjGYBJWk";"";"38"
"2025-06-15T15:05:50.684+01:00";"2025-06-16T08:55:48.321+01:00";"SAMBEF CUISINE";"Food Vendors";"1749996394099.jpg";"https://kc.kobotoolbox.org/media/original?media_file=aneehatprecious%2Fattachments%2Fb24eafc23d52430bba582f447039a9a3%2F8f054902-44d9-433a-8e4a-4d91c2d137b7%2F1749996394099.jpg";"6.6898082 3.1667107 58.099998474121094 4.733";"6.6898082";"3.1667107";"58.099998474121094";"4.733";"498222797";"8f054902-44d9-433a-8e4a-4d91c2d137b7";"2025-06-16T08:05:27";"";"";"submitted_via_web";"aneehatprecious";"vAjzNGzCBpTu3xHjGYBJWk";"";"39"
"2025-06-15T15:07:00.333+01:00";"2025-06-16T08:55:53.542+01:00";"AFRICAN KITCHEN";"Food Vendors";"1749996474779.jpg";"https://kc.kobotoolbox.org/media/original?media_file=aneehatprecious%2Fattachments%2Fb24eafc23d52430bba582f447039a9a3%2F8ea52721-ff92-4acc-8ba4-37f04253e60f%2F1749996474779.jpg";"6.6897356 3.1667187 57.0 4.012";"6.6897356";"3.1667187";"57.0";"4.012";"498222856";"8ea52721-ff92-4acc-8ba4-37f04253e60f";"2025-06-16T08:05:35";"";"";"submitted_via_web";"aneehatprecious";"vAjzNGzCBpTu3xHjGYBJWk";"";"40"
"2025-06-15T15:08:25.579+01:00";"2025-06-16T08:55:58.864+01:00";"ARENA RESTAURANT";"Food Vendors";"1749996553228.jpg";"https://kc.kobotoolbox.org/media/original?media_file=aneehatprecious%2Fattachments%2Fb24eafc23d52430bba582f447039a9a3%2Ff4720f02-bf46-41d4-be7b-c4031337565b%2F1749996553228.jpg";"6.68974 3.1666761 57.0 4.6";"6.68974";"3.1666761";"57.0";"4.6";"498222909";"f4720f02-bf46-41d4-be7b-c4031337565b";"2025-06-16T08:05:42";"";"";"submitted_via_web";"aneehatprecious";"vAjzNGzCBpTu3xHjGYBJWk";"";"41"
"2025-06-15T15:09:33.291+01:00";"2025-06-16T08:56:03.981+01:00";"COME CHOP KITCHEN";"Food Vendors";"1749996629738.jpg";"https://kc.kobotoolbox.org/media/original?media_file=aneehatprecious%2Fattachments%2Fb24eafc23d52430bba582f447039a9a3%2F9fe23651-25fa-4bc8-840b-6fa4cf604b88%2F1749996629738.jpg";"6.6897317 3.1665933 57.29999923706055 4.6";"6.6897317";"3.1665933";"57.29999923706055";"4.6";"498222978";"9fe23651-25fa-4bc8-840b-6fa4cf604b88";"2025-06-16T08:05:49";"";"";"submitted_via_web";"aneehatprecious";"vAjzNGzCBpTu3xHjGYBJWk";"";"42"
"2025-06-15T15:12:28.253+01:00";"2025-06-16T08:56:09.226+01:00";"RENEES CAFE";"Food Vendors";"1749996845875.jpg";"https://kc.kobotoolbox.org/media/original?media_file=aneehatprecious%2Fattachments%2Fb24eafc23d52430bba582f447039a9a3%2F67f07d96-438e-4935-b38d-09183e4f8a1f%2F1749996845875.jpg";"6.6898822 3.1664627 57.29999923706055 3.814";"6.6898822";"3.1664627";"57.29999923706055";"3.814";"498223053";"67f07d96-438e-4935-b38d-09183e4f8a1f";"2025-06-16T08:05:58";"";"";"submitted_via_web";"aneehatprecious";"vnEkNFU6U6ypLGd9qmNyyq";"";"43"
"2025-06-15T15:14:52.040+01:00";"2025-06-16T08:56:14.471+01:00";"ALPHA PLACE";"Food Vendors";"1749996919138.jpg";"https://kc.kobotoolbox.org/media/original?media_file=aneehatprecious%2Fattachments%2Fb24eafc23d52430bba582f447039a9a3%2F6d9923f7-4b5b-4de3-b526-cbb760f1b584%2F1749996919138.jpg";"6.6897988 3.1663583 57.29999923706055 4.216";"6.6897988";"3.1663583";"57.29999923706055";"4.216";"498223108";"6d9923f7-4b5b-4de3-b526-cbb760f1b584";"2025-06-16T08:06:04";"";"";"submitted_via_web";"aneehatprecious";"vnEkNFU6U6ypLGd9qmNyyq";"";"44"
"2025-06-15T15:17:04.458+01:00";"2025-06-16T08:56:19.347+01:00";"ECHOMARKS DIVINE KITCHEN";"Food Vendors";"1749997058452.jpg";"https://kc.kobotoolbox.org/media/original?media_file=aneehatprecious%2Fattachments%2Fb24eafc23d52430bba582f447039a9a3%2Fba63d39b-a7b8-4c40-b170-20694af9df95%2F1749997058452.jpg";"6.6897905 3.1663976 57.0 5.0";"6.6897905";"3.1663976";"57.0";"5.0";"498223188";"ba63d39b-a7b8-4c40-b170-20694af9df95";"2025-06-16T08:06:12";"";"";"submitted_via_web";"aneehatprecious";"vnEkNFU6U6ypLGd9qmNyyq";"";"45"
"2025-06-15T15:18:04.569+01:00";"2025-06-16T08:56:27.479+01:00";"MARVELLOUS CATERING";"Food Vendors";"1749997103990.jpg";"https://kc.kobotoolbox.org/media/original?media_file=aneehatprecious%2Fattachments%2Fb24eafc23d52430bba582f447039a9a3%2F1fd5b147-8683-4bcd-a19d-c575ebbd35b7%2F1749997103990.jpg";"6.6897151 3.1663604 57.29999923706055 4.625";"6.6897151";"3.1663604";"57.29999923706055";"4.625";"498223227";"1fd5b147-8683-4bcd-a19d-c575ebbd35b7";"2025-06-16T08:06:18";"";"";"submitted_via_web";"aneehatprecious";"vnEkNFU6U6ypLGd9qmNyyq";"";"46"
"2025-06-15T15:18:53.866+01:00";"2025-06-16T08:56:32.505+01:00";"MAMA G";"Food Vendors";"1749997164155.jpg";"https://kc.kobotoolbox.org/media/original?media_file=aneehatprecious%2Fattachments%2Fb24eafc23d52430bba582f447039a9a3%2F40f5e88e-67f2-4c7a-bf8b-be96e3accea3%2F1749997164155.jpg";"6.6896996 3.1664067 57.29999923706055 4.25";"6.6896996";"3.1664067";"57.29999923706055";"4.25";"498223273";"40f5e88e-67f2-4c7a-bf8b-be96e3accea3";"2025-06-16T08:06:25";"";"";"submitted_via_web";"aneehatprecious";"vnEkNFU6U6ypLGd9qmNyyq";"";"47"
"2025-06-15T15:22:01.362+01:00";"2025-06-16T08:56:37.646+01:00";"LADE KITCHEN";"Food Vendors";"1749997438541.jpg";"https://kc.kobotoolbox.org/media/original?media_file=aneehatprecious%2Fattachments%2Fb24eafc23d52430bba582f447039a9a3%2F12c6f537-bd15-46db-be37-735061d7bdeb%2F1749997438541.jpg";"6.6898172 3.1663455 57.0 4.837";"6.6898172";"3.1663455";"57.0";"4.837";"498223323";"12c6f537-bd15-46db-be37-735061d7bdeb";"2025-06-16T08:06:31";"";"";"submitted_via_web";"aneehatprecious";"vnEkNFU6U6ypLGd9qmNyyq";"";"48"
"2025-06-15T15:24:06.726+01:00";"2025-06-16T08:56:42.204+01:00";"LO1";"Food Vendors";"1749997461694.jpg";"https://kc.kobotoolbox.org/media/original?media_file=aneehatprecious%2Fattachments%2Fb24eafc23d52430bba582f447039a9a3%2Fb4c01fea-49b4-4ecc-a509-2c9f10d4f997%2F1749997461694.jpg";"6.6897365 3.1663464 57.29999923706055 3.233";"6.6897365";"3.1663464";"57.29999923706055";"3.233";"498223368";"b4c01fea-49b4-4ecc-a509-2c9f10d4f997";"2025-06-16T08:06:37";"";"";"submitted_via_web";"aneehatprecious";"vnEkNFU6U6ypLGd9qmNyyq";"";"49"
"2025-06-15T15:24:45.936+01:00";"2025-06-16T08:56:47.613+01:00";"DEMA FRUITS AND FOOD";"Food Vendors";"1749997508663.jpg";"https://kc.kobotoolbox.org/media/original?media_file=aneehatprecious%2Fattachments%2Fb24eafc23d52430bba582f447039a9a3%2F7bbbb938-2f4b-4278-bb44-147710fc400a%2F1749997508663.jpg";"6.6897226 3.1663845 57.29999923706055 4.42";"6.6897226";"3.1663845";"57.29999923706055";"4.42";"498223423";"7bbbb938-2f4b-4278-bb44-147710fc400a";"2025-06-16T08:06:44";"";"";"submitted_via_web";"aneehatprecious";"vnEkNFU6U6ypLGd9qmNyyq";"";"50"
"2025-06-15T15:25:23.033+01:00";"2025-06-16T08:56:51.926+01:00";"ALMOND PLUS RESTAURANT";"Food Vendors";"1749997641615.jpg";"https://kc.kobotoolbox.org/media/original?media_file=aneehatprecious%2Fattachments%2Fb24eafc23d52430bba582f447039a9a3%2F50c38794-4722-4667-b9d3-8d34fe919838%2F1749997641615.jpg";"6.6894345 3.1661622 56.79999923706055 4.5";"6.6894345";"3.1661622";"56.79999923706055";"4.5";"498223481";"50c38794-4722-4667-b9d3-8d34fe919838";"2025-06-16T08:06:52";"";"";"submitted_via_web";"aneehatprecious";"vnEkNFU6U6ypLGd9qmNyyq";"";"51"
"2025-06-15T15:30:36.236+01:00";"2025-06-16T08:56:56.598+01:00";"SILVER 2 HALL MALE";"Hostel";"1749997944337.jpg";"https://kc.kobotoolbox.org/media/original?media_file=aneehatprecious%2Fattachments%2Fb24eafc23d52430bba582f447039a9a3%2F81b7d6e6-bdb9-4eaf-be4e-5e25f5336648%2F1749997944337.jpg";"6.6898766 3.1649662 56.79999923706055 5.0";"6.6898766";"3.1649662";"56.79999923706055";"5.0";"498223551";"81b7d6e6-bdb9-4eaf-be4e-5e25f5336648";"2025-06-16T08:07:00";"";"";"submitted_via_web";"aneehatprecious";"vnEkNFU6U6ypLGd9qmNyyq";"";"52"
"2025-06-15T15:32:53.680+01:00";"2025-06-16T08:57:01.847+01:00";"SILVER 3 HALL MALE";"Hostel";"1749997983999.jpg";"https://kc.kobotoolbox.org/media/original?media_file=aneehatprecious%2Fattachments%2Fb24eafc23d52430bba582f447039a9a3%2F2ea49770-29c0-4316-9027-198d3b515851%2F1749997983999.jpg";"6.690399 3.1653942 55.70000076293945 3.862";"6.690399";"3.1653942";"55.70000076293945";"3.862";"498223639";"2ea49770-29c0-4316-9027-198d3b515851";"2025-06-16T08:07:08";"";"";"submitted_via_web";"aneehatprecious";"vnEkNFU6U6ypLGd9qmNyyq";"";"53"
"2025-06-15T15:33:52.347+01:00";"2025-06-16T08:57:07.475+01:00";"NEW HALL FEMALE";"Hostel";"1749998152604.jpg";"https://kc.kobotoolbox.org/media/original?media_file=aneehatprecious%2Fattachments%2Fb24eafc23d52430bba582f447039a9a3%2Fec83d383-d6ec-4598-b0fe-8e2f16e1fe36%2F1749998152604.jpg";"6.6906403 3.1649196 55.70000076293945 4.7";"6.6906403";"3.1649196";"55.70000076293945";"4.7";"498223731";"ec83d383-d6ec-4598-b0fe-8e2f16e1fe36";"2025-06-16T08:07:16";"";"";"submitted_via_web";"aneehatprecious";"vnEkNFU6U6ypLGd9qmNyyq";"";"54"
"2025-06-15T15:36:05.096+01:00";"2025-06-16T08:57:12.566+01:00";"NEW HALL MALE";"Hostel";"1749998202240.jpg";"https://kc.kobotoolbox.org/media/original?media_file=aneehatprecious%2Fattachments%2Fb24eafc23d52430bba582f447039a9a3%2Ff076b7c5-7004-45ed-bfe3-ae95a30a43bf%2F1749998202240.jpg";"6.6906135 3.1646851 55.099998474121094 3.685";"6.6906135";"3.1646851";"55.099998474121094";"3.685";"498223816";"f076b7c5-7004-45ed-bfe3-ae95a30a43bf";"2025-06-16T08:07:24";"";"";"submitted_via_web";"aneehatprecious";"vnEkNFU6U6ypLGd9qmNyyq";"";"55"
"2025-06-15T15:46:16.177+01:00";"2025-06-16T08:57:17.114+01:00";"CATHOLIC CHURCH";"Religious Activities";"1749998806524.jpg";"https://kc.kobotoolbox.org/media/original?media_file=aneehatprecious%2Fattachments%2Fb24eafc23d52430bba582f447039a9a3%2F476fc498-7299-49c9-abff-39e8fe6ac067%2F1749998806524.jpg";"6.6903236 3.1626632 55.099998474121094 4.65";"6.6903236";"3.1626632";"55.099998474121094";"4.65";"498223871";"476fc498-7299-49c9-abff-39e8fe6ac067";"2025-06-16T08:07:31";"";"";"submitted_via_web";"aneehatprecious";"vnEkNFU6U6ypLGd9qmNyyq";"";"56"
"2025-06-15T15:49:13.245+01:00";"2025-06-16T08:57:21.923+01:00";"JESUS ALONE CHAPEL";"Religious Activities";"1749998987559.jpg";"https://kc.kobotoolbox.org/media/original?media_file=aneehatprecious%2Fattachments%2Fb24eafc23d52430bba582f447039a9a3%2F7ab602b8-5429-460b-a365-2657a0476387%2F1749998987559.jpg";"6.690315 3.1623583 55.099998474121094 4.3";"6.690315";"3.1623583";"55.099998474121094";"4.3";"498223938";"7ab602b8-5429-460b-a365-2657a0476387";"2025-06-16T08:07:39";"";"";"submitted_via_web";"aneehatprecious";"vnEkNFU6U6ypLGd9qmNyyq";"";"57"
"2025-06-15T15:50:49.003+01:00";"2025-06-16T08:57:27.941+01:00";"MOSQUE";"Religious Activities";"1749999075749.jpg";"https://kc.kobotoolbox.org/media/original?media_file=aneehatprecious%2Fattachments%2Fb24eafc23d52430bba582f447039a9a3%2F2b470a4d-f665-43cf-ba49-c4951c7ae7fb%2F1749999075749.jpg";"6.69032 3.1623483 55.099998474121094 4.8";"6.69032";"3.1623483";"55.099998474121094";"4.8";"498224004";"2b470a4d-f665-43cf-ba49-c4951c7ae7fb";"2025-06-16T08:07:47";"";"";"submitted_via_web";"aneehatprecious";"vnEkNFU6U6ypLGd9qmNyyq";"";"58"
"2025-06-15T11:03:18.222+01:00";"2025-06-16T09:15:32.262+01:00";"BUPF international conference hall";"Lecture Hall/Class-Rooms";"1749986209910.jpg";"https://kc.kobotoolbox.org/media/original?media_file=aneehatprecious%2Fattachments%2Fb24eafc23d52430bba582f447039a9a3%2Fb2d11463-1554-4709-be6e-d600488ffe6f%2F1749986209910.jpg";"6.6855533 3.1700361 83.0 4.99";"6.6855533";"3.1700361";"83.0";"4.99";"498229459";"b2d11463-1554-4709-be6e-d600488ffe6f";"2025-06-16T08:15:45";"";"";"submitted_via_web";"aneehatprecious";"v38viv9xZKSDkUJVjVv9LV";"";"59"
"2025-06-15T12:20:14.413+01:00";"2025-06-16T09:15:32.284+01:00";"Bestmanâ€™s coffee and chill";"Food Vendors";"1749986469067.jpg";"https://kc.kobotoolbox.org/media/original?media_file=aneehatprecious%2Fattachments%2Fb24eafc23d52430bba582f447039a9a3%2F1ed2e7eb-78ae-444d-9637-adbb78b35496%2F1749986469067.jpg";"6.6846693 3.1692655 84.69999694824219 4.118";"6.6846693";"3.1692655";"84.69999694824219";"4.118";"498229615";"1ed2e7eb-78ae-444d-9637-adbb78b35496";"2025-06-16T08:16:00";"";"";"submitted_via_web";"aneehatprecious";"v38viv9xZKSDkUJVjVv9LV";"";"60"
"2025-06-15T12:21:39.130+01:00";"2025-06-16T09:15:32.305+01:00";"Registry";"Adminstrative";"1749986628008.jpg";"https://kc.kobotoolbox.org/media/original?media_file=aneehatprecious%2Fattachments%2Fb24eafc23d52430bba582f447039a9a3%2Fc79d92d4-0264-456a-9057-232d07084f49%2F1749986628008.jpg";"6.6849941 3.1697572 85.4000015258789 4.238";"6.6849941";"3.1697572";"85.4000015258789";"4.238";"498229696";"c79d92d4-0264-456a-9057-232d07084f49";"2025-06-16T08:16:06";"";"";"submitted_via_web";"aneehatprecious";"v38viv9xZKSDkUJVjVv9LV";"";"61"
"2025-06-15T12:25:37.396+01:00";"2025-06-16T09:15:32.324+01:00";"Tennis court";"Sport Complex";"1749986771421.jpg";"https://kc.kobotoolbox.org/media/original?media_file=aneehatprecious%2Fattachments%2Fb24eafc23d52430bba582f447039a9a3%2Fc925f150-1491-42f9-984f-3335459dc4e3%2F1749986771421.jpg";"6.6853372 3.1704416 83.0 4.638";"6.6853372";"3.1704416";"83.0";"4.638";"498229817";"c925f150-1491-42f9-984f-3335459dc4e3";"2025-06-16T08:16:14";"";"";"submitted_via_web";"aneehatprecious";"v38viv9xZKSDkUJVjVv9LV";"";"62"
"2025-06-15T12:48:23.038+01:00";"2025-06-16T09:15:32.342+01:00";"Adenuga library";"Adminstrative";"1749988152221.jpg";"https://kc.kobotoolbox.org/media/original?media_file=aneehatprecious%2Fattachments%2Fb24eafc23d52430bba582f447039a9a3%2F74ab8533-4a59-4fe5-a494-0c53771bc3b8%2F1749988152221.jpg";"6.6868431 3.169947 85.42986375609236 4.678";"6.6868431";"3.169947";"85.42986375609236";"4.678";"498229924";"74ab8533-4a59-4fe5-a494-0c53771bc3b8";"2025-06-16T08:16:23";"";"";"submitted_via_web";"aneehatprecious";"v38viv9xZKSDkUJVjVv9LV";"";"63"
"2025-06-15T12:49:54.757+01:00";"2025-06-16T09:15:32.367+01:00";"Surveying and Geo-Informatics studio I";"Lecture Hall/Class-Rooms";"1749988767607.jpg";"https://kc.kobotoolbox.org/media/original?media_file=aneehatprecious%2Fattachments%2Fb24eafc23d52430bba582f447039a9a3%2Ffd769b6e-ce83-4f1a-ba2f-2bd1ba6134b4%2F1749988767607.jpg";"6.6870912 3.1699953 75.74461900654656 4.884";"6.6870912";"3.1699953";"75.74461900654656";"4.884";"498229982";"fd769b6e-ce83-4f1a-ba2f-2bd1ba6134b4";"2025-06-16T08:16:28";"";"";"submitted_via_web";"aneehatprecious";"v38viv9xZKSDkUJVjVv9LV";"";"64"
"2025-06-15T13:00:04.765+01:00";"2025-06-16T09:15:32.396+01:00";"Surveying and geoinformatics studio II";"Lecture Hall/Class-Rooms";"1749988829856.jpg";"https://kc.kobotoolbox.org/media/original?media_file=aneehatprecious%2Fattachments%2Fb24eafc23d52430bba582f447039a9a3%2Fd07b75ba-018a-4077-a95e-351ea5e2df1f%2F1749988829856.jpg";"6.6871256 3.1700166 76.06832720713712 4.81";"6.6871256";"3.1700166";"76.06832720713712";"4.81";"498230033";"d07b75ba-018a-4077-a95e-351ea5e2df1f";"2025-06-16T08:16:32";"";"";"submitted_via_web";"aneehatprecious";"v38viv9xZKSDkUJVjVv9LV";"";"65"
"2025-06-15T14:12:21.594+01:00";"2025-06-16T09:15:32.421+01:00";"Machine shop";"Laboratory";"1749993246538.jpg";"https://kc.kobotoolbox.org/media/original?media_file=aneehatprecious%2Fattachments%2Fb24eafc23d52430bba582f447039a9a3%2Ff8d8c305-d808-4e21-bd72-1eb701f25584%2F1749993246538.jpg";"6.6860294 3.1687479 80.73548066996673 4.321";"6.6860294";"3.1687479";"80.73548066996673";"4.321";"498230111";"f8d8c305-d808-4e21-bd72-1eb701f25584";"2025-06-16T08:16:39";"";"";"submitted_via_web";"aneehatprecious";"v38viv9xZKSDkUJVjVv9LV";"";"66"
"2025-06-15T14:14:28.382+01:00";"2025-06-16T09:15:32.437+01:00";"Welding and Fabrication workshop";"Maintenance";"1749993307131.jpg";"https://kc.kobotoolbox.org/media/original?media_file=aneehatprecious%2Fattachments%2Fb24eafc23d52430bba582f447039a9a3%2F8a421ee2-4bbb-4463-96f6-58360c3dace5%2F1749993307131.jpg";"6.6860221 3.1686549 76.4000015258789 4.683";"6.6860221";"3.1686549";"76.4000015258789";"4.683";"498231322";"8a421ee2-4bbb-4463-96f6-58360c3dace5";"2025-06-16T08:18:53";"";"";"submitted_via_web";"aneehatprecious";"v38viv9xZKSDkUJVjVv9LV";"";"67"
"2025-06-15T14:16:21.869+01:00";"2025-06-16T09:15:32.454+01:00";"Refrigeration and air conditioning laboratory";"Laboratory";"1749993418991.jpg";"https://kc.kobotoolbox.org/media/original?media_file=aneehatprecious%2Fattachments%2Fb24eafc23d52430bba582f447039a9a3%2Fe4fc33d2-2522-4134-bf56-7f68d4d1e10c%2F1749993418991.jpg";"6.6860141 3.1685927 79.12462455788533 4.977";"6.6860141";"3.1685927";"79.12462455788533";"4.977";"498231350";"e4fc33d2-2522-4134-bf56-7f68d4d1e10c";"2025-06-16T08:18:57";"";"";"submitted_via_web";"aneehatprecious";"v38viv9xZKSDkUJVjVv9LV";"";"68"
"2025-06-15T14:19:36.297+01:00";"2025-06-16T09:15:32.471+01:00";"Senate building";"Adminstrative";"1749993595895.jpg";"https://kc.kobotoolbox.org/media/original?media_file=aneehatprecious%2Fattachments%2Fb24eafc23d52430bba582f447039a9a3%2F752f766f-84da-4af8-b4cc-aa2ce713ebc2%2F1749993595895.jpg";"6.685849 3.1696356 75.9000015258789 4.781";"6.685849";"3.1696356";"75.9000015258789";"4.781";"498231386";"752f766f-84da-4af8-b4cc-aa2ce713ebc2";"2025-06-16T08:19:01";"";"";"submitted_via_web";"aneehatprecious";"v38viv9xZKSDkUJVjVv9LV";"";"69"
"2025-06-15T14:23:35.395+01:00";"2025-06-16T09:15:32.488+01:00";"Edozien lecture theatre";"Lecture Hall/Class-Rooms";"1749993853513.jpg";"https://kc.kobotoolbox.org/media/original?media_file=aneehatprecious%2Fattachments%2Fb24eafc23d52430bba582f447039a9a3%2F7de15d7a-b2fb-4b21-a0a5-ee3ddb47acbd%2F1749993853513.jpg";"6.6843238 3.1710389 81.46050622090014 3.967";"6.6843238";"3.1710389";"81.46050622090014";"3.967";"498231408";"7de15d7a-b2fb-4b21-a0a5-ee3ddb47acbd";"2025-06-16T08:19:04";"";"";"submitted_via_web";"aneehatprecious";"v38viv9xZKSDkUJVjVv9LV";"";"70"
"2025-06-15T14:24:44.177+01:00";"2025-06-16T09:15:32.504+01:00";"College of Natural and applied sciences";"Adminstrative";"1749993914129.jpg";"https://kc.kobotoolbox.org/media/original?media_file=aneehatprecious%2Fattachments%2Fb24eafc23d52430bba582f447039a9a3%2F56acf816-26de-40f9-9309-4efe95e43834%2F1749993914129.jpg";"6.6841608 3.1713551 81.39713490138703 4.883";"6.6841608";"3.1713551";"81.39713490138703";"4.883";"498231451";"56acf816-26de-40f9-9309-4efe95e43834";"2025-06-16T08:19:08";"";"";"submitted_via_web";"aneehatprecious";"v38viv9xZKSDkUJVjVv9LV";"";"71"
"2025-06-15T14:28:39.288+01:00";"2025-06-16T09:15:32.524+01:00";"College of postgraduate studies";"Adminstrative";"1749994367500.jpg";"https://kc.kobotoolbox.org/media/original?media_file=aneehatprecious%2Fattachments%2Fb24eafc23d52430bba582f447039a9a3%2F0b60cbb9-4ac4-4a2a-adde-e57ad5bbd3bc%2F1749994367500.jpg";"6.6841458 3.1743404 80.74083148178504 4.624";"6.6841458";"3.1743404";"80.74083148178504";"4.624";"498231490";"0b60cbb9-4ac4-4a2a-adde-e57ad5bbd3bc";"2025-06-16T08:19:12";"";"";"submitted_via_web";"aneehatprecious";"vrQQqeJxtP3XDKjMBRtFaW";"";"72"
"2025-06-15T14:35:14.400+01:00";"2025-06-16T09:15:32.541+01:00";"Friendship centre";"Adminstrative";"1749994537784.jpg";"https://kc.kobotoolbox.org/media/original?media_file=aneehatprecious%2Fattachments%2Fb24eafc23d52430bba582f447039a9a3%2F845e62a9-5718-4c84-a763-d21e92ea0b17%2F1749994537784.jpg";"6.6843089 3.1752008 80.53163500651969 3.79";"6.6843089";"3.1752008";"80.53163500651969";"3.79";"498231524";"845e62a9-5718-4c84-a763-d21e92ea0b17";"2025-06-16T08:19:15";"";"";"submitted_via_web";"aneehatprecious";"vrQQqeJxtP3XDKjMBRtFaW";"";"73"
"2025-06-15T14:36:50.846+01:00";"2025-06-16T09:15:32.558+01:00";"New Horizon";"Laboratory";"1749994637263.jpg";"https://kc.kobotoolbox.org/media/original?media_file=aneehatprecious%2Fattachments%2Fb24eafc23d52430bba582f447039a9a3%2F5760cf39-dae7-4cdc-b049-1086191418e9%2F1749994637263.jpg";"6.6844614 3.1748717 80.31348766856001 4.489";"6.6844614";"3.1748717";"80.31348766856001";"4.489";"498231589";"5760cf39-dae7-4cdc-b049-1086191418e9";"2025-06-16T08:19:24";"";"";"submitted_via_web";"aneehatprecious";"vrQQqeJxtP3XDKjMBRtFaW";"";"74"
"2025-06-15T14:38:04.505+01:00";"2025-06-16T09:15:32.577+01:00";"Marquee";"Lecture Hall/Class-Rooms";"1749994780715.jpg";"https://kc.kobotoolbox.org/media/original?media_file=aneehatprecious%2Fattachments%2Fb24eafc23d52430bba582f447039a9a3%2F01259db7-b4d4-4bac-813c-d537ce3fb1e9%2F1749994780715.jpg";"6.6841889 3.1737355 85.15020963436135 3.79";"6.6841889";"3.1737355";"85.15020963436135";"3.79";"498231638";"01259db7-b4d4-4bac-813c-d537ce3fb1e9";"2025-06-16T08:19:29";"";"";"submitted_via_web";"aneehatprecious";"vrQQqeJxtP3XDKjMBRtFaW";"";"75"
"2025-06-15T14:45:28.640+01:00";"2025-06-16T09:15:32.594+01:00";"The temperance hotel";"Hostel";"1749995163773.jpg";"https://kc.kobotoolbox.org/media/original?media_file=aneehatprecious%2Fattachments%2Fb24eafc23d52430bba582f447039a9a3%2F527b1ff7-bc92-46fe-940d-c3608ad11b89%2F1749995163773.jpg";"6.6858574 3.172686 83.50803827034113 4.68";"6.6858574";"3.172686";"83.50803827034113";"4.68";"498231681";"527b1ff7-bc92-46fe-940d-c3608ad11b89";"2025-06-16T08:19:35";"";"";"submitted_via_web";"aneehatprecious";"vrQQqeJxtP3XDKjMBRtFaW";"";"76"
"2025-06-15T14:48:23.783+01:00";"2025-06-16T09:15:32.610+01:00";"Senior staff quarters";"Senior Staff Quarters";"1749995334062.jpg";"https://kc.kobotoolbox.org/media/original?media_file=aneehatprecious%2Fattachments%2Fb24eafc23d52430bba582f447039a9a3%2F7343e3a2-5e88-4c1b-aa80-95b52890eeba%2F1749995334062.jpg";"6.6849658 3.1720616 87.5999984741211 4.656";"6.6849658";"3.1720616";"87.5999984741211";"4.656";"498231776";"7343e3a2-5e88-4c1b-aa80-95b52890eeba";"2025-06-16T08:19:45";"";"";"submitted_via_web";"aneehatprecious";"vrQQqeJxtP3XDKjMBRtFaW";"";"77"
"2025-06-15T14:49:11.632+01:00";"2025-06-16T09:15:32.626+01:00";"Bronze 2 Annex hall";"Hostel";"1749995402097.jpg";"https://kc.kobotoolbox.org/media/original?media_file=aneehatprecious%2Fattachments%2Fb24eafc23d52430bba582f447039a9a3%2Fd12aa504-6c38-444e-8b91-9b9de8172b6c%2F1749995402097.jpg";"6.6846332 3.1719157 87.5999984741211 4.628";"6.6846332";"3.1719157";"87.5999984741211";"4.628";"498231883";"d12aa504-6c38-444e-8b91-9b9de8172b6c";"2025-06-16T08:19:54";"";"";"submitted_via_web";"aneehatprecious";"vrQQqeJxtP3XDKjMBRtFaW";"";"78"
"2025-06-15T14:51:03.325+01:00";"2025-06-16T09:15:32.645+01:00";"De branch";"Food Vendors";"1749995487509.jpg";"https://kc.kobotoolbox.org/media/original?media_file=aneehatprecious%2Fattachments%2Fb24eafc23d52430bba582f447039a9a3%2F3eadce39-46a3-4a90-9c72-b81e4dc4a5a6%2F1749995487509.jpg";"6.6845396 3.1714734 84.0 4.281";"6.6845396";"3.1714734";"84.0";"4.281";"498231994";"3eadce39-46a3-4a90-9c72-b81e4dc4a5a6";"2025-06-16T08:20:04";"";"";"submitted_via_web";"aneehatprecious";"vrQQqeJxtP3XDKjMBRtFaW";"";"79"
"2025-06-15T14:57:15.993+01:00";"2025-06-16T09:15:32.666+01:00";"Bronze 2 hall male";"Hostel";"1749995857834.jpg";"https://kc.kobotoolbox.org/media/original?media_file=aneehatprecious%2Fattachments%2Fb24eafc23d52430bba582f447039a9a3%2F4329871b-27ce-4117-98f4-b8b0632d9aec%2F1749995857834.jpg";"6.6844414 3.1716271 83.0999984741211 3.79";"6.6844414";"3.1716271";"83.0999984741211";"3.79";"498232075";"4329871b-27ce-4117-98f4-b8b0632d9aec";"2025-06-16T08:20:12";"";"";"submitted_via_web";"aneehatprecious";"vrQQqeJxtP3XDKjMBRtFaW";"";"80"
"2025-06-15T14:58:49.409+01:00";"2025-06-16T09:15:32.687+01:00";"College of Natural and applied sciences";"Adminstrative";"1749995957034.jpg";"https://kc.kobotoolbox.org/media/original?media_file=aneehatprecious%2Fattachments%2Fb24eafc23d52430bba582f447039a9a3%2F0d1c7d0f-4cb8-484f-8733-b06a13d2c345%2F1749995957034.jpg";"6.6841868 3.171328 83.0999984741211 3.901";"6.6841868";"3.171328";"83.0999984741211";"3.901";"498232164";"0d1c7d0f-4cb8-484f-8733-b06a13d2c345";"2025-06-16T08:20:21";"";"";"submitted_via_web";"aneehatprecious";"vrQQqeJxtP3XDKjMBRtFaW";"";"81"
"2025-06-15T15:02:17.017+01:00";"2025-06-16T09:15:32.707+01:00";"College of Natural science lab";"Laboratory";"1749996157370.jpg";"https://kc.kobotoolbox.org/media/original?media_file=aneehatprecious%2Fattachments%2Fb24eafc23d52430bba582f447039a9a3%2F72d19587-6630-40ba-91fe-12d61f0f6fcf%2F1749996157370.jpg";"6.6850026 3.1698456 83.04497911936889 4.256";"6.6850026";"3.1698456";"83.04497911936889";"4.256";"498232221";"72d19587-6630-40ba-91fe-12d61f0f6fcf";"2025-06-16T08:20:26";"";"";"submitted_via_web";"aneehatprecious";"vrQQqeJxtP3XDKjMBRtFaW";"";"82"
"2025-06-15T15:08:03.421+01:00";"2025-06-16T09:15:32.730+01:00";"Automobile workshop";"Laboratory";"1749996699880.jpg";"https://kc.kobotoolbox.org/media/original?media_file=aneehatprecious%2Fattachments%2Fb24eafc23d52430bba582f447039a9a3%2Fba4d510f-8952-406f-bb61-02295278eae1%2F1749996699880.jpg";"6.6855178 3.168409 77.53606687258402 4.489";"6.6855178";"3.168409";"77.53606687258402";"4.489";"498232260";"ba4d510f-8952-406f-bb61-02295278eae1";"2025-06-16T08:20:30";"";"";"submitted_via_web";"aneehatprecious";"vAjzNGzCBpTu3xHjGYBJWk";"";"83"
"2025-06-15T15:14:56.518+01:00";"2025-06-16T09:15:32.752+01:00";"Emerald I female";"Hostel";"1749996927678.jpg";"https://kc.kobotoolbox.org/media/original?media_file=aneehatprecious%2Fattachments%2Fb24eafc23d52430bba582f447039a9a3%2Ff1919b14-c54a-4456-a96d-4c15eb011224%2F1749996927678.jpg";"6.6872681 3.1678044 69.81581331457372 3.79";"6.6872681";"3.1678044";"69.81581331457372";"3.79";"498232321";"f1919b14-c54a-4456-a96d-4c15eb011224";"2025-06-16T08:20:35";"";"";"submitted_via_web";"aneehatprecious";"vAjzNGzCBpTu3xHjGYBJWk";"";"84"
"2025-06-15T15:16:11.418+01:00";"2025-06-16T09:15:32.784+01:00";"Emerald 2 hall female";"Hostel";"1749996991491.jpg";"https://kc.kobotoolbox.org/media/original?media_file=aneehatprecious%2Fattachments%2Fb24eafc23d52430bba582f447039a9a3%2F28e43aa4-40d1-4a8f-9e57-6dba035585da%2F1749996991491.jpg";"6.6876126 3.1677548 71.45793807896007 4.733";"6.6876126";"3.1677548";"71.45793807896007";"4.733";"498232402";"28e43aa4-40d1-4a8f-9e57-6dba035585da";"2025-06-16T08:20:42";"";"";"submitted_via_web";"aneehatprecious";"vAjzNGzCBpTu3xHjGYBJWk";"";"85"
"2025-06-15T15:17:11.173+01:00";"2025-06-16T09:15:32.804+01:00";"Mechatronics lab";"Laboratory";"1749997065474.jpg";"https://kc.kobotoolbox.org/media/original?media_file=aneehatprecious%2Fattachments%2Fb24eafc23d52430bba582f447039a9a3%2F08b34652-1e88-4df0-85bd-10c629001496%2F1749997065474.jpg";"6.6878941 3.168028 70.20079900753687 4.091";"6.6878941";"3.168028";"70.20079900753687";"4.091";"498232446";"08b34652-1e88-4df0-85bd-10c629001496";"2025-06-16T08:20:48";"";"";"submitted_via_web";"aneehatprecious";"vAjzNGzCBpTu3xHjGYBJWk";"";"86"
"2025-06-15T15:18:38.143+01:00";"2025-06-16T09:15:32.824+01:00";"Bronze 1 Annex male";"Hostel";"1749997147701.jpg";"https://kc.kobotoolbox.org/media/original?media_file=aneehatprecious%2Fattachments%2Fb24eafc23d52430bba582f447039a9a3%2Fb42e90b4-316f-4c82-805a-1ee73ee535e2%2F1749997147701.jpg";"6.6880773 3.1682692 69.0 4.464";"6.6880773";"3.1682692";"69.0";"4.464";"498232510";"b42e90b4-316f-4c82-805a-1ee73ee535e2";"2025-06-16T08:20:54";"";"";"submitted_via_web";"aneehatprecious";"vAjzNGzCBpTu3xHjGYBJWk";"";"87"
"2025-06-15T15:19:40.936+01:00";"2025-06-16T09:15:32.843+01:00";"Emerald 3 hall female";"Hostel";"1749997219291.jpg";"https://kc.kobotoolbox.org/media/original?media_file=aneehatprecious%2Fattachments%2Fb24eafc23d52430bba582f447039a9a3%2F9c697c72-8346-42d1-9218-7805e0548302%2F1749997219291.jpg";"6.6879946 3.1685747 69.4000015258789 4.722";"6.6879946";"3.1685747";"69.4000015258789";"4.722";"498232564";"9c697c72-8346-42d1-9218-7805e0548302";"2025-06-16T08:21:01";"";"";"submitted_via_web";"aneehatprecious";"vAjzNGzCBpTu3xHjGYBJWk";"";"88"
"2025-06-15T15:20:47.363+01:00";"2025-06-16T09:15:32.862+01:00";"Boutique and tailor";"Beauty/Maintenance Store";"1749997283238.jpg";"https://kc.kobotoolbox.org/media/original?media_file=aneehatprecious%2Fattachments%2Fb24eafc23d52430bba582f447039a9a3%2Ff7c595c0-9b4d-4004-aa58-18e04bb5d8a3%2F1749997283238.jpg";"6.6882644 3.1685357 69.0 4.108";"6.6882644";"3.1685357";"69.0";"4.108";"498232601";"f7c595c0-9b4d-4004-aa58-18e04bb5d8a3";"2025-06-16T08:21:08";"";"";"submitted_via_web";"aneehatprecious";"vAjzNGzCBpTu3xHjGYBJWk";"";"89"
"2025-06-15T15:21:37.589+01:00";"2025-06-16T09:15:32.882+01:00";"Staff quarters";"Staff Quarters";"1749997319168.jpg";"https://kc.kobotoolbox.org/media/original?media_file=aneehatprecious%2Fattachments%2Fb24eafc23d52430bba582f447039a9a3%2Fd24b0fc7-255d-4c8f-9c99-f09d2aba8c4f%2F1749997319168.jpg";"6.6883055 3.1686008 69.0 3.79";"6.6883055";"3.1686008";"69.0";"3.79";"498232668";"d24b0fc7-255d-4c8f-9c99-f09d2aba8c4f";"2025-06-16T08:21:15";"";"";"submitted_via_web";"aneehatprecious";"vAjzNGzCBpTu3xHjGYBJWk";"";"90"
"2025-06-15T15:29:29.346+01:00";"2025-06-16T09:15:32.904+01:00";"Back of wema classrooms";"Lecture Hall/Class-Rooms";"1749997970265.jpg";"https://kc.kobotoolbox.org/media/original?media_file=aneehatprecious%2Fattachments%2Fb24eafc23d52430bba582f447039a9a3%2F6ed6fda4-3b73-4fa1-a88d-dbe28a6ccff3%2F1749997970265.jpg";"6.6873461 3.1693807 71.3736055653683 4.43";"6.6873461";"3.1693807";"71.3736055653683";"4.43";"498232722";"6ed6fda4-3b73-4fa1-a88d-dbe28a6ccff3";"2025-06-16T08:21:22";"";"";"submitted_via_web";"aneehatprecious";"vnEkNFU6U6ypLGd9qmNyyq";"";"91"
"2025-06-15T15:33:20.719+01:00";"2025-06-16T09:15:32.924+01:00";"Bursary";"Adminstrative";"1749998016922.jpg";"https://kc.kobotoolbox.org/media/original?media_file=aneehatprecious%2Fattachments%2Fb24eafc23d52430bba582f447039a9a3%2F935a6ee2-954a-499c-921b-14e20456aa01%2F1749998016922.jpg";"6.6872021 3.1693317 72.19999694824219 4.746";"6.6872021";"3.1693317";"72.19999694824219";"4.746";"498232766";"935a6ee2-954a-499c-921b-14e20456aa01";"2025-06-16T08:21:28";"";"";"submitted_via_web";"aneehatprecious";"vnEkNFU6U6ypLGd9qmNyyq";"";"92"
"2025-06-15T15:34:21.774+01:00";"2025-06-16T09:15:32.943+01:00";"Wema bank";"";"1749998194664.jpg";"https://kc.kobotoolbox.org/media/original?media_file=aneehatprecious%2Fattachments%2Fb24eafc23d52430bba582f447039a9a3%2F70173836-d87e-473d-8b27-a14f7c737a79%2F1749998194664.jpg";"6.6870379 3.1691577 74.69999694824219 4.454";"6.6870379";"3.1691577";"74.69999694824219";"4.454";"498232798";"70173836-d87e-473d-8b27-a14f7c737a79";"2025-06-16T08:21:33";"";"";"submitted_via_web";"aneehatprecious";"vnEkNFU6U6ypLGd9qmNyyq";"";"93"
"2025-06-15T15:37:04.484+01:00";"2025-06-16T09:15:32.962+01:00";"Access bank atm";"";"1749998243194.jpg";"https://kc.kobotoolbox.org/media/original?media_file=aneehatprecious%2Fattachments%2Fb24eafc23d52430bba582f447039a9a3%2F4bcd65c8-21aa-44a5-8586-b16f762df3da%2F1749998243194.jpg";"6.687185 3.1690567 71.80000305175781 4.163";"6.687185";"3.1690567";"71.80000305175781";"4.163";"498232830";"4bcd65c8-21aa-44a5-8586-b16f762df3da";"2025-06-16T08:21:38";"";"";"submitted_via_web";"aneehatprecious";"vnEkNFU6U6ypLGd9qmNyyq";"";"94"
"2025-06-15T15:37:41.896+01:00";"2025-06-16T09:15:32.981+01:00";"Bronze 1 hall male";"Hostel";"1749998345153.jpg";"https://kc.kobotoolbox.org/media/original?media_file=aneehatprecious%2Fattachments%2Fb24eafc23d52430bba582f447039a9a3%2Fd7dda9a7-5cf3-4c10-8a95-894f4e5af168%2F1749998345153.jpg";"6.6872063 3.1687894 72.5 4.349";"6.6872063";"3.1687894";"72.5";"4.349";"498232882";"d7dda9a7-5cf3-4c10-8a95-894f4e5af168";"2025-06-16T08:21:45";"";"";"submitted_via_web";"aneehatprecious";"vnEkNFU6U6ypLGd9qmNyyq";"";"95"
"2025-06-15T15:39:12.160+01:00";"2025-06-16T09:15:33.000+01:00";"Silver 1 hall male";"Hostel";"1749998386827.jpg";"https://kc.kobotoolbox.org/media/original?media_file=aneehatprecious%2Fattachments%2Fb24eafc23d52430bba582f447039a9a3%2F60fb7ed3-13d9-4918-92b2-903ca7f98fca%2F1749998386827.jpg";"6.686877 3.1686606 74.69999694824219 4.994";"6.686877";"3.1686606";"74.69999694824219";"4.994";"498232920";"60fb7ed3-13d9-4918-92b2-903ca7f98fca";"2025-06-16T08:21:50";"";"";"submitted_via_web";"aneehatprecious";"vnEkNFU6U6ypLGd9qmNyyq";"";"96"
"2025-06-15T15:40:00.212+01:00";"2025-06-16T09:15:33.019+01:00";"Silver hall female";"Hostel";"1750002977365.jpg";"https://kc.kobotoolbox.org/media/original?media_file=aneehatprecious%2Fattachments%2Fb24eafc23d52430bba582f447039a9a3%2Fa00be33d-ae4a-4689-9326-b64d5113cb5f%2F1750002977365.jpg";"6.6864025 3.1687524 74.69999694824219 3.847";"6.6864025";"3.1687524";"74.69999694824219";"3.847";"498232979";"a00be33d-ae4a-4689-9326-b64d5113cb5f";"2025-06-16T08:21:57";"";"";"submitted_via_web";"aneehatprecious";"vnEkNFU6U6ypLGd9qmNyyq";"";"97"
"2025-06-15T17:03:20.120+01:00";"2025-06-16T09:15:33.038+01:00";"Gazebo";"Pavillion ";"1750003425775.jpg";"https://kc.kobotoolbox.org/media/original?media_file=aneehatprecious%2Fattachments%2Fb24eafc23d52430bba582f447039a9a3%2Fc69b671a-6a44-4b95-8b22-719f14dc37cb%2F1750003425775.jpg";"6.6842676 3.1730836 83.80000305175781 4.346";"6.6842676";"3.1730836";"83.80000305175781";"4.346";"498233042";"c69b671a-6a44-4b95-8b22-719f14dc37cb";"2025-06-16T08:22:02";"";"";"submitted_via_web";"aneehatprecious";"vnEkNFU6U6ypLGd9qmNyyq";"";"98"
"2025-06-15T14:02:19.913+01:00";"2025-06-15T16:07:09.184+01:00";"LT GAZEBO";"Pavillion ";"1749992561029.jpg";"https://kc.kobotoolbox.org/media/original?media_file=aneehatprecious%2Fattachments%2Fb24eafc23d52430bba582f447039a9a3%2F53f900fe-eb7b-4b18-b969-ef228442db85%2F1749992561029.jpg";"6.6895733 3.16828 62.0 5.0";"6.6895733";"3.16828";"62.0";"5.0";"498234465";"53f900fe-eb7b-4b18-b969-ef228442db85";"2025-06-16T08:24:39";"";"";"submitted_via_web";"aneehatprecious";"v38viv9xZKSDkUJVjVv9LV";"";"99"
